Filename,DriveId
HnK1-99.png,1qFDD4rHVe8jECdLobkdAUvTJ4h3bLBb_
HnK1-98.png,1qIoV-DfclIBBvn1e9k8k_9DlnnXXAoLa
HnK1-97.png,1S1XAm1byhcZpQjzrh-rgNB5u3pS9r44m
HnK1-96.png,1om_dWK2tFMJNDKC1SkhzfqOpMVtCXlau
HnK1-95.png,1mnMK7Otvf1xEVo8SvlgUTqrM8cibKcME
HnK1-94.png,1OW0jeRkB2tNBxshlAOQqGxyq5PRVbItc
HnK1-93.png,1KpCq6RMpZcWqnZ0LjFLYg531pScUNhD1
HnK1-92.png,1jKgtmgx8EJiTsupuEXNm5b1Wer6Au05y
HnK1-91.png,13glIBLmRkZzKPAn1UeRvMkEFl2b7VN0g
HnK1-90.png,1Vu9qZFeU-WtOMsMnpSEljO3QqHsGItSt
HnK1-89.png,11zweqCjKvqF3xpUGipKLSqihbPPLYTCN
HnK1-88.png,1qWG_a-YLFzRDeKaYg0Fm4gfBeyeO61T-
HnK1-87.png,1U2Rmi7IlIvl0j6yASk968GCkJlwbmaJE
HnK1-86.png,1L0niiwfKSe_SCFCOBPtC1cFGvoxjEUQI
HnK1-85.png,16SkFaqUxA9tTJfUBFuiTr2l_ztHnLzAl
HnK1-84.png,1mtRJ82I87wRNFTxyVhh8cysmMI-wVhsn
HnK1-83.png,1EFOQi_b_EQTrybVypYxSg5W1rXkt56WB
HnK1-82.png,1_fHo3v1AZn99gJfuTsky0LXnw1AMYCQa
HnK1-81.png,14gTT4gN36N4aC1QDCD_OqqhtaHDlT8Ek
HnK1-80.png,1bQtFCdEOadP_WNKDG7xsG8tVilZ6ljdr
HnK1-79.png,1F3xe3W8mhNct2Q-xLAMYXLsrsZpp4M1X
HnK1-78.png,1mEEeeX0xtGP3CyNv1kcKU5o3BC3YFCy4
HnK1-77.png,1sVklGiMbwlUHZ6KhgPpNx30c25wAvo1K
HnK1-76.png,1Unytk7G0oVLaWCJD4HB2r5isU4srK_EJ
HnK1-75.png,16dtNXPEa4qr2JTntCjOKxhIEIy2lCx5e
HnK1-74.png,1jwP9RZCi2FIuDEgJuPS4ZkAKcKjJ6Xj5
HnK1-73.png,1VtvFDIUDCC2Jrjyai143DOagFG88V5Or
HnK1-72.png,1cKsDazhRZvEhlKENqlZ9pURnlKMBd6Wp
HnK1-71.png,1zQieiQqdcjKOBhGgQ7FIBf04KMS9Ob_t
HnK1-70.png,1F8CNNbFpX16sl4nGp8gyLOE63NnuOXpf
HnK1-69.png,1wjKg13xGXAropTJRFkWitUJjYY5zX7kX
HnK1-68.png,1WxySfZ5rj90FS9aTA6oGi5TwkNkTt2QU
HnK1-67.png,16HkmSy12De9ePZ5wxiwzOdZUQT_-yrEE
HnK1-66.png,1PrEMtC7fMJ6vjhyPPwit00k5hcyPOyH0
HnK1-65.png,1ZBSdL0hIgAjHGVwT9OBNESrLiJabYLY8
HnK1-64.png,142z0NDi-yscipPNgs9TxA_dQOYF1W5Uq
HnK1-63.png,1i5is_bsC-H7KldvJ47zxEjzohFMiQhmu
HnK1-62.png,1rM1pnj7vQK6YgWx3HP_KzSW8w18A1zFb
HnK1-61.png,16594C-t9IEghNYcxELWYPi_ufUf6rQnx
HnK1-60.png,1c01Nqe4Z8TlFkczpKHZEz-ybo6O29bAk
HnK1-59.png,1YhdZ1KQS9WQxDyOaQEgBaOdPjkm48nlK
HnK1-58.png,1PbR6y9D8o37BBl5zhIfpogZVa5byMuyF
HnK1-57.png,1asq3iE-cLiYRzjxC-ZNnsbWGqNxWSVen
HnK1-56.png,1iUDmPjnqAVz2CL_hcvN3G9_PUfPVwY79
HnK1-55.png,1QZNHqojGQOjoZYmga0hapfjeLfMR3ajp
HnK1-54.png,147HGSrjillH5YoAZ8hNw9c7oeZtSCUiK
HnK1-53.png,1QgCfuvNFHlnNRs0TQjT3rcUe0xC1WscJ
HnK1-52.png,1FTn4vtdoAgeAwZj4wkY2lM4K9Cf4kKKO
HnK1-51.png,1I4wD1b3j5Oik9jxydIfvH1aJ4VHmZhv-
HnK1-50.png,1nZKmNIm_M9So3L7znphAS70t_F394ZdO
HnK1-49.png,1bLybeKpbnzyrCQm7id1bHkCM7vStF7eu
HnK1-48.png,1Id6-8b_HgS2osGTxBWzUdsLOna2hUOLM
HnK1-47.png,1_ZQz5uoWxjRWa7_PiSdA3Sc5B0Z3_WtU
HnK1-46.png,1NGLhWZwehQbaP92R_E4F4Za1HM46aQpY
HnK1-45.png,19m1UcP5a1ZKRRJj0Ie2NIEwgCYf86u6b
HnK1-44.png,1HtuFBc9EtCCQG6PsAt28d6_YEcAHPFqP
HnK1-43.png,1ZQ9TgSSaoXjYJMWdWHtlcjtWI-MQpNNl
HnK1-42.png,1_jONQrIjqZoABOiBN-VUDvZk3Ulf5wO0
HnK1-41.png,1tDr5vsjdD2b43IsIW2Mm5944JRPF4pY0
HnK1-40.png,1j3VJ7NBZ7W0pvViouBcMMr2H81qMyTaG
HnK1-39.png,1_O__7VuWsQ_i7OPTQSpp9_nCxpu9IoG7
HnK1-38.png,1JbjMGa5loBLK3PCqkgmi3wfgMy60uEQs
HnK1-37.png,1WljR6LQg0crRbUr-MEdx6IHSZB3Fa7FH
HnK1-36.png,1SFc4dK1LursOoUZ5S5YDtzo8WDYQqRny
HnK1-35.png,1WJFLYFKjsGc38gC_wQBZhRnNTVjUjb07
HnK1-34.png,1oSKwGCmBcVhE_IaExHodkVyJEEV6psaN
HnK1-33.png,1aT3hzAIPuKbfSzqzln9tv3Y3JHtZnQqo
HnK1-32.png,1LRpWzx5_t6bK-11VKcOOaFgOrlGFav0_
HnK1-31.png,1het2Of_VjYPc_tvNkYOWURjE1adhVyVH
HnK1-30.png,1_FHt1cfDnRwUJNXC-nlaZOSj0nYgqZkW
HnK1-29.png,1Pxrg-7FI1eidh1MjJfPZfbzaMGnGhCPC
HnK1-28.png,1Ey6AeZP8RVNU9wQswvg1wZ8ioMr0Ut-_
HnK1-27.png,1-cyqADmyr2hfSt6B6QGSvI9Mf71hJXhv
HnK1-26.png,1_x2CCORDuUu_NxVqQEM3l-iGO8nDjNXW
HnK1-25.png,1arWAH00lm2hCwHxp4K65Y-oZxRRa8HUS
HnK1-24.png,1K4nupnU0_xIbWjW-po3DRZl0rNK_D9dA
HnK1-23.png,18_G5UuT6QqbE6b9p7NxH3pu8NW1Srsi1
HnK1-22.png,1AJxVo8-J_fXFyDGXfDRxJNafxTByYefC
HnK1-21.png,1wciIqv5O0h1R5ALg5Gbmuy0NgcoWHWgW
HnK1-20.png,10WIm5P5Py5gePS7OUlocrOi02U5GUXap
HnK1-19.png,1hv2LZVDSUbecLMK1kk6mfd2e_fH0ycFM
HnK1-18.png,1tF9lBb7rDaewOYZMRU1N0HiQ8U-Zut2T
HnK1-17.png,1qDC9kr2lpxKaSHJtlELEpgMrrYAZaAay
HnK1-16.png,1c4yFHuGHVa8OZ7CsD-iIy8tA_KX0qS1g
HnK1-15.png,1w6jA-Ty4ua-cRTjH4cuv53MlF-lSvKMu
HnK1-14.png,15vSx6gakV4Y_bbdKEiz1QkwUFSn3ZxIW
HnK1-13.png,1YAf1gVC3NCJ-OyYVbp48ZJzh1ku-Ep5P
HnK1-12.png,1vEMgKdx9JaQBQ02f0cyh6_hp_SxjxPKi
HnK1-11.png,1WS_q_b5ftRvXUr5ncF3RCQ42vf-c2MhT
HnK1-10.png,1J4HcxcM7yhm_-UfSkXqgXSQV5uLdJNln
HnK1-09.png,1OUFTSIoIe7lM4CbWxPBdp676LJlFn4ya
HnK1-08.png,1KIRnQlL9lI8s34CgmZXNembkFVmcu7-3
HnK1-07.png,1WoueiwCX2B_kHmRcvXQvQbdI9S1_56AU
HnK1-06.png,1hhpjg1xdYPb6pIlvBUqaCF1AwIlls8NY
HnK1-05.png,1E7rBYqN8OkCIpTqB4iJ4zNmMLtQ9o0m1
HnK1-04.png,1ODDh5a4U2U2dRvfthI7dGx_yG5OsqpvE
HnK1-03.png,1Fd357WtVFKKfbMpB-JbLAEJLyidWQyy0
HnK1-02.png,1DHTVinojAfyU4T7tN0Pc9A2VccDRJpF_
HnK1-01.png,1qlKQ3HHSC1bfPUuDHix0lof8bXgfwqc_